"Product Name","Product Price","Product Discount","Product Image","Product Link"
"Tan With Mesh Extra Large Oversized Sun Hat","£20.00£7.75","(61% OFF)","https://cdn-media.prettylittlething.com/loader.svg","https://www.prettylittlething.com/tan-with-mesh-extra-large-oversized-sun-hat.html"
"Recycled Gold Double Chunky Overlapped Hoop...","£8.00£3.00","(63% OFF)","https://cdn-media.prettylittlething.com/loader.svg","https://www.prettylittlething.com/recycled-gold-double-chunky-overlapped-hoop-earrings.html"
"Brown Jewelled Detail Round Sunglasses","£12.00£5.75","(52% OFF)","https://cdn-media.prettylittlething.com/loader.svg","https://www.prettylittlething.com/brown-jewelled-detail-round-sunglasses.html"
"Recycled Gold Multi Chains 6 Pack Bracelets","£10.00£6.25","(38% OFF)","https://cdn-media.prettylittlething.com/loader.svg","https://www.prettylittlething.com/recycled-gold-multi-chains-6-pack-bracelets.html"
"Cream Animal Swirl Bucket Hat","£12.00£4.50","(63% OFF)","https://cdn-media.prettylittlething.com/loader.svg","https://www.prettylittlething.com/cream-animal-swirl-bucket-hat.html"
"Gold Rope Twist Hoop Earrings","£6.00£3.50","(42% OFF)","https://cdn-media.prettylittlething.com/loader.svg","https://www.prettylittlething.com/gold-rope-twist-hoop-earrings.html"
"Yellow Snake Print Extreme Ruched Handle...","£20.00£8.00","(60% OFF)","https://cdn-media.prettylittlething.com/loader.svg","https://www.prettylittlething.com/yellow-snake-print-extreme-ruched-handle-shoulder-bag.html"
"Real Gold Plated Mixed Metal Double Chain Bracelet","£8.00£5.00","(38% OFF)","https://cdn-media.prettylittlething.com/loader.svg","https://www.prettylittlething.com/real-gold-plated-mixed-metal-double-chain-bracelet.html"
"Black Frameless Square Frame Sunglasses","£8.00£7.00","","https://cdn-media.prettylittlething.com/loader.svg","https://www.prettylittlething.com/black-frameless-square-frame-sunglasses.html"
"Gold Texturred Chunky Belly Chain","£15.00£13.00","","https://cdn-media.prettylittlething.com/loader.svg","https://www.prettylittlething.com/gold-texturred-chunky-belly-chain.html"
"Gold 5 Assorted Chunky Ring Pack","£6.00£3.00","(50% OFF)","https://cdn-media.prettylittlething.com/loader.svg","https://www.prettylittlething.com/gold-5-assorted-chunky-ring-pack.html"
"Yellow Basic Lilo","£8.00£7.00","","https://cdn-media.prettylittlething.com/loader.svg","https://www.prettylittlething.com/yellow-basic-lilo.html"
"Multi Pastel Wiggle 2 Pack Hair Claw","£6.00£5.00","","https://cdn-media.prettylittlething.com/loader.svg","https://www.prettylittlething.com/multi-pastel-wiggle-2-pack-hair-claw.html"
"Gold Textured Circle Charm Delicate Layered...","£6.00£5.00","","https://cdn-media.prettylittlething.com/loader.svg","https://www.prettylittlething.com/gold-textured-circle-charm-delicate-layered-bracelet.html"
"White Heavy Chain Detail Shoulder Bag","£20.00£18.00","","https://cdn-media.prettylittlething.com/loader.svg","https://www.prettylittlething.com/white-heavy-chain-detail-shoulder-bag.html"
"Recycled Gold Delicate Oval Stone Layered Necklace","£5.00£4.50","","https://cdn-media.prettylittlething.com/loader.svg","https://www.prettylittlething.com/recycled-gold-delicate-oval-stone-layered-necklace.html"
"Blue Heavy Chain Detail Shoulder Bag","£22.00£19.00","","https://cdn-media.prettylittlething.com/loader.svg","https://www.prettylittlething.com/blue-heavy-chain-detail-shoulder-bag.html"
"Silver Iridescent Diamante Belly Chain","£8.00£7.00","","https://cdn-media.prettylittlething.com/loader.svg","https://www.prettylittlething.com/silver-iridescent-diamante-belly-chain.html"
"Black Rounded Lens Retro Sunglasses","£8.00£6.50","","https://cdn-media.prettylittlething.com/loader.svg","https://www.prettylittlething.com/black-rounded-lens-retro-sunglasses.html"
"White Plain Bucket Hat","£10.00£9.00","","https://cdn-media.prettylittlething.com/loader.svg","https://www.prettylittlething.com/white-plain-bucket-hat.html"
"RENEW Lime Swirl Print Oversized Scrunchie","£4.00£2.50","(38% OFF)","https://cdn-media.prettylittlething.com/loader.svg","https://www.prettylittlething.com/renew-lime-swirl-print-oversized-scrunchie.html"
"Navy Blue Chain Print Bandana","£8.00£6.50","","https://cdn-media.prettylittlething.com/loader.svg","https://www.prettylittlething.com/navy-blue-chain-print-bandana.html"
"White Double Ring Waist Belt","£8.00£7.00","","https://cdn-media.prettylittlething.com/loader.svg","https://www.prettylittlething.com/white-double-ring-waist-belt.html"
"Lime Heavy Chain Detail Shoulder Bag","£22.00£19.00","","https://cdn-media.prettylittlething.com/loader.svg","https://www.prettylittlething.com/lime-heavy-chain-detail-shoulder-bag.html"
"Pink Extreme Ruched Handle Shoulder Bag","£18.00£16.00","","https://cdn-media.prettylittlething.com/loader.svg","https://www.prettylittlething.com/pink-extreme-ruched-handle-shoulder-bag.html"
"Gold Small Chunky Tubular Hoop Earrings","£6.00£5.00","","https://cdn-media.prettylittlething.com/loader.svg","https://www.prettylittlething.com/gold-small-chunky-tubular-hoop-earrings.html"
"Hot Pink Plisse Bandana","£10.00£9.00","","https://cdn-media.prettylittlething.com/loader.svg","https://www.prettylittlething.com/hot-pink-plisse-bandana.html"
"Silver Jean Chains","£6.00£1.50","(75% OFF)","https://cdn-media.prettylittlething.com/loader.svg","https://www.prettylittlething.com/silver-jean-chains.html"
"Plain Black Bucket Hat","£10.00£9.00","","https://cdn-media.prettylittlething.com/loader.svg","https://www.prettylittlething.com/plain-black-bucket-hat.html"
"Black Gold Frame Large Cat Eye Sunglasses","£8.00£7.00","","https://cdn-media.prettylittlething.com/loader.svg","https://www.prettylittlething.com/black-gold-frame-large-cat-eye-sunglasses.html"
"White Croc PU Envelope Grab Bag","£20.00£18.00","","https://cdn-media.prettylittlething.com/loader.svg","https://www.prettylittlething.com/white-croc-pu-envelope-grab-bag.html"
"Recycled Gold Heart Charm Thick Chain Layered...","£4.00£3.50","","https://cdn-media.prettylittlething.com/loader.svg","https://www.prettylittlething.com/recycled-gold-heart-charm-thick-chain-layered-bracelet.html"
"Recycled Silver Chunky Multi Chain T-Bar...","£6.00£5.00","","https://cdn-media.prettylittlething.com/loader.svg","https://www.prettylittlething.com/recycled-silver-chunky-multi-chain-t-bar-bracelet-pack.html"
"PRETTYLITTLETHING Black Embossed Handbag","£22.00£19.00","","https://cdn-media.prettylittlething.com/loader.svg","https://www.prettylittlething.com/prettylittlething-black-embossed-handbag.html"
"Silver Delicate Infinity Sign Necklace","£4.00£3.50","","https://cdn-media.prettylittlething.com/loader.svg","https://www.prettylittlething.com/silver-delicate-infinity-sign-necklace.html"
"Basic Black Fedora Hat","£10.00£8.00","(20% OFF)","https://cdn-media.prettylittlething.com/loader.svg","https://www.prettylittlething.com/basic-black-fedora-hat.html"
"PRETTYLITTLETHING Gold Engraved Hoop Earrings","£10.00£9.00","","https://cdn-media.prettylittlething.com/loader.svg","https://www.prettylittlething.com/prettylittlething-gold-engraved-hoop-earrings.html"
"Black Textured Circular Buckle Waist Belt","£6.00£5.00","","https://cdn-media.prettylittlething.com/loader.svg","https://www.prettylittlething.com/black-textured-circular-buckle-waist-belt.html"
"Black Quilted PU Shoulder Bag","£20.00£18.00","","https://cdn-media.prettylittlething.com/loader.svg","https://www.prettylittlething.com/black-quilted-pu-shoulder-bag.html"
"PRETTYLITTLETHING Black Branded Oversized...","£8.00£7.00","","https://cdn-media.prettylittlething.com/loader.svg","https://www.prettylittlething.com/prettylittlething-black-branded-oversized-square-sunglasses.html"
"Recycled Gold Round Detail Belly Chain","£6.00£5.00","","https://cdn-media.prettylittlething.com/loader.svg","https://www.prettylittlething.com/recycled-gold-round-detail-belly-chain.html"
"Gold Chunky Twist Hoop Earrings","£6.00£5.00","","https://cdn-media.prettylittlething.com/loader.svg","https://www.prettylittlething.com/gold-chunky-twist-hoop-earrings.html"
"Orange Extreme Ruched Handle Shoulder Bag","£18.00£16.00","","https://cdn-media.prettylittlething.com/loader.svg","https://www.prettylittlething.com/orange-extreme-ruched-handle-shoulder-bag.html"
"Gold Simple Link Chain Choker","£4.00£3.00","(25% OFF)","https://cdn-media.prettylittlething.com/loader.svg","https://www.prettylittlething.com/gold-simple-link-chain-choker.html"
"White PU Twist Headband","£6.00£4.00","(33% OFF)","https://cdn-media.prettylittlething.com/loader.svg","https://www.prettylittlething.com/white-pu-twist-headband.html"
"White PU Flap Over Baguette Shoulder Bag","£18.00£15.00","","https://cdn-media.prettylittlething.com/loader.svg","https://www.prettylittlething.com/white-pu-flap-over-baguette-shoulder-bag.html"
"Gold Cross Multi Layering Necklace","£6.00£5.00","","https://cdn-media.prettylittlething.com/loader.svg","https://www.prettylittlething.com/gold-cross-multi-layering-necklace.html"
"White Pearl Gold Beaded Hoop Earrings","£10.00£8.00","(20% OFF)","https://cdn-media.prettylittlething.com/loader.svg","https://www.prettylittlething.com/white-pearl-gold-beaded-hoop-earrings.html"
"Chocolate Double Ring Waist Belt","£8.00£7.00","","https://cdn-media.prettylittlething.com/loader.svg","https://www.prettylittlething.com/chocolate-double-ring-waist-belt.html"
"Gold Triple Chain Short Necklace","£6.00£5.00","","https://cdn-media.prettylittlething.com/loader.svg","https://www.prettylittlething.com/gold-triple-chain-short-necklace.html"
"Brown Faded Lens Square Frame Frameless Sunglasses","£8.00£7.00","","https://cdn-media.prettylittlething.com/loader.svg","https://www.prettylittlething.com/brown-faded-lens-square-frame-frameless-sunglasses.html"
"Gold Mini Chunky Double Hoop Earrings","£5.00£4.00","(20% OFF)","https://cdn-media.prettylittlething.com/loader.svg","https://www.prettylittlething.com/gold-mini-chunky-double-hoop-earrings.html"
"Gold Assorted Chunky 3 Chain Bracelet Pack","£8.00£2.50","(69% OFF)","https://cdn-media.prettylittlething.com/loader.svg","https://www.prettylittlething.com/gold-assorted-chunky-3-chain-bracelet-pack.html"
"Recycled Gold T Bar And Padlock Triple Layering...","£8.00£3.25","(59% OFF)","https://cdn-media.prettylittlething.com/loader.svg","https://www.prettylittlething.com/recycled-gold-t-bar-and-padlock-triple-layering-necklace.html"
"Gold Chunky Thick Chain Belt","£12.00£5.00","(58% OFF)","https://cdn-media.prettylittlething.com/loader.svg","https://www.prettylittlething.com/gold-chunky-thick-chain-belt.html"
"Recycled Gold Double Curb Chain Gold Chilli...","£8.00£2.75","(66% OFF)","https://cdn-media.prettylittlething.com/loader.svg","https://www.prettylittlething.com/recycled-gold-double-curb-chain-gold-chilli-necklace.html"
"PRETTYLITTLETHING Brown Logo Socks","£5.00£1.75","(65% OFF)","https://cdn-media.prettylittlething.com/loader.svg","https://www.prettylittlething.com/prettylittlething-brown-logo-socks.html"
"PRETTYLITTLETHING Recycled Gold Three Pack...","£6.00£2.75","(54% OFF)","https://cdn-media.prettylittlething.com/loader.svg","https://www.prettylittlething.com/prettylittlething-recycled-gold-three-pack-dainty-chain-bracelets.html"
"Black Eyelet Belt","£8.00£7.00","","https://cdn-media.prettylittlething.com/loader.svg","https://www.prettylittlething.com/black-eyelet-belt.html"
"Recycled Gold 4 Assorted Hoop Pack Earrings","£8.00£2.75","(66% OFF)","https://cdn-media.prettylittlething.com/loader.svg","https://www.prettylittlething.com/recycled-gold-4-assorted-hoop-pack-earrings.html"
"PRETTYLITTLETHING Black Mono Trainer Socks","£4.00£1.75","(56% OFF)","https://cdn-media.prettylittlething.com/loader.svg","https://www.prettylittlething.com/prettylittlething-black-mono-trainer-socks.html"
"Black Grey And White Three Pack Scrunchie","£2.00£1.50","(25% OFF)","https://cdn-media.prettylittlething.com/loader.svg","https://www.prettylittlething.com/black-grey-and-white-three-pack-scrunchie.html"
"Basic White Sport Socks","£3.00£2.50","","https://cdn-media.prettylittlething.com/loader.svg","https://www.prettylittlething.com/basic-white-sport-socks.html"
"Gold Dragon Pendant Chain Belt","£10.00£3.25","(68% OFF)","https://cdn-media.prettylittlething.com/loader.svg","https://www.prettylittlething.com/gold-dragon-pendant-chain-belt.html"
"Recycled Gold Rounded 2 Pack Rings","£5.00£1.75","(65% OFF)","https://cdn-media.prettylittlething.com/loader.svg","https://www.prettylittlething.com/recycled-gold-rounded-2-pack-rings.html"
"Black Croc Cross Body Bag","£20.00£17.00","","https://cdn-media.prettylittlething.com/loader.svg","https://www.prettylittlething.com/black-croc-cross-body-bag.html"
"Gold Double Chain Anklet","£6.00£5.00","","https://cdn-media.prettylittlething.com/loader.svg","https://www.prettylittlething.com/gold-double-chain-anklet.html"
"Black Wide Waist Belt With Gold Leaf Effect Buckle","£10.00£3.50","(65% OFF)","https://cdn-media.prettylittlething.com/loader.svg","https://www.prettylittlething.com/black-wide-waist-belt-with-gold-leaf-effect-buckle.html"
"Recycled Gold Cherub Charm Multi Layering Necklace","£8.00£3.25","(59% OFF)","https://cdn-media.prettylittlething.com/loader.svg","https://www.prettylittlething.com/recycled-gold-cherub-charm-multi-layering-necklace.html"
"Black Metal Aviator Sunglasses","£6.00£5.00","","https://cdn-media.prettylittlething.com/loader.svg","https://www.prettylittlething.com/black-metal-aviator-sunglasses.html"
"Recycled Gold Thin Multi Sizes Hoop Pack","£6.00£2.75","(54% OFF)","https://cdn-media.prettylittlething.com/loader.svg","https://www.prettylittlething.com/recycled-gold-thin-multi-sizes-hoop-pack.html"
"Recycled Gold Chunky Curb Chain Layering Necklace","£8.00£2.75","(66% OFF)","https://cdn-media.prettylittlething.com/loader.svg","https://www.prettylittlething.com/recycled-gold-chunky-curb-chain-layering-necklace.html"
"Recycled Gold Diamante Mini Cross Necklace","£5.00£4.00","(20% OFF)","https://cdn-media.prettylittlething.com/loader.svg","https://www.prettylittlething.com/recycled-gold-diamante-mini-cross-necklace.html"
"PRETTYLITTLETHING Black Logo Print Socks","£5.00£2.00","(60% OFF)","https://cdn-media.prettylittlething.com/loader.svg","https://www.prettylittlething.com/prettylittlething-black-logo-print-socks.html"
"Gold Layered Disk Plunge Necklace","£6.00£5.00","","https://cdn-media.prettylittlething.com/loader.svg","https://www.prettylittlething.com/gold-layered-disk-plunge-necklace.html"
"Recycled Gold Cross And Cherub Layering Necklace","£12.00£4.25","(65% OFF)","https://cdn-media.prettylittlething.com/loader.svg","https://www.prettylittlething.com/recycled-gold-cross-and-cherub-layering-necklace.html"
"Gold Daisy Ring","£4.00£1.50","(63% OFF)","https://cdn-media.prettylittlething.com/loader.svg","https://www.prettylittlething.com/gold-daisy-ring.html"
"Gold Thick Chunky Chain Necklace","£8.00£4.00","(50% OFF)","https://cdn-media.prettylittlething.com/loader.svg","https://www.prettylittlething.com/gold-thick-chunky-chain-necklace.html"
"Recycled Gold Assorted Three Chain Necklace","£10.00£3.25","(68% OFF)","https://cdn-media.prettylittlething.com/loader.svg","https://www.prettylittlething.com/recycled-gold-assorted-three-chain-necklace.html"
"Black Slider Buckle Tape Belt","£8.00£7.00","","https://cdn-media.prettylittlething.com/loader.svg","https://www.prettylittlething.com/black-slider-buckle-tape-belt.html"
"Black Oversized Straw Hat","£22.00£10.25","(53% OFF)","https://cdn-media.prettylittlething.com/loader.svg","https://www.prettylittlething.com/black-oversized-straw-hat.html"
"Black Animal Cat Eye Retro Sunglasses","£8.00£6.00","(25% OFF)","https://cdn-media.prettylittlething.com/loader.svg","https://www.prettylittlething.com/black-animal-cat-eye-retro-sunglasses.html"
"Orange Oversized Frame Square Sunglasses","£10.00£8.00","(20% OFF)","https://cdn-media.prettylittlething.com/loader.svg","https://www.prettylittlething.com/orange-oversized-frame-square-sunglasses.html"
"Gold Hoop Circular Earrings","£6.00£5.00","","https://cdn-media.prettylittlething.com/loader.svg","https://www.prettylittlething.com/gold-hoop-circular-earrings.html"
"Black Croc Buckle Front Shoulder Bag","£20.00£10.00","(50% OFF)","https://cdn-media.prettylittlething.com/loader.svg","https://www.prettylittlething.com/black-croc-buckle-front-shoulder-bag.html"
"PRETTYLITTLETHING Black Logo XR iPhone Case","£8.00£2.50","(69% OFF)","https://cdn-media.prettylittlething.com/loader.svg","https://www.prettylittlething.com/prettylittlething-black-logo-xr-iphone-case.html"
"PRETTYLITTLETHING Silver Detail Orange Bucket Hat","£12.00£6.50","(46% OFF)","https://cdn-media.prettylittlething.com/loader.svg","https://www.prettylittlething.com/prettylittlething-silver-detail-orange-bucket-hat.html"
"Recycled Gold Large Diamante Stackable Necklace","£10.00£4.50","(55% OFF)","https://cdn-media.prettylittlething.com/loader.svg","https://www.prettylittlething.com/recycled-gold-large-diamante-stackable-necklace.html"
"Gold Celestial Chunky Charm Layered Necklace","£8.00£3.00","(63% OFF)","https://cdn-media.prettylittlething.com/loader.svg","https://www.prettylittlething.com/gold-celestial-chunky-charm-layered-necklace.html"
"Recycled Gold Round Flat Detail Belly Chain","£6.00£5.00","","https://cdn-media.prettylittlething.com/loader.svg","https://www.prettylittlething.com/recycled-gold-round-flat-detail-belly-chain.html"
"Recycled Silver Assorted Basic And Chain 5 Ring...","£8.00£3.25","(59% OFF)","https://cdn-media.prettylittlething.com/loader.svg","https://www.prettylittlething.com/recycled-silver-assorted-basic-and-chain-5-ring-pack.html"
"Recycled Gold Multi Coin Charm Double Layer Anklet","£8.00£4.00","(50% OFF)","https://cdn-media.prettylittlething.com/loader.svg","https://www.prettylittlething.com/recycled-gold-multi-coin-charm-double-layer-anklet.html"
"Recycled Silver Textured Shell Statement Earrings","£6.00£1.50","(75% OFF)","https://cdn-media.prettylittlething.com/loader.svg","https://www.prettylittlething.com/recycled-silver-textured-shell-statement-earrings.html"
"Gold Simple Small Hoop Earrings","£4.00£3.50","","https://cdn-media.prettylittlething.com/loader.svg","https://www.prettylittlething.com/gold-simple-small-hoop-earrings.html"
"Recycled Black Enamel Heart Necklace & Ring","£6.00£2.50","(58% OFF)","https://cdn-media.prettylittlething.com/loader.svg","https://www.prettylittlething.com/recycled-black-enamel-heart-necklace-ring.html"
"Silver 80mm Large Hoop Earrings","£3.00£2.50","","https://cdn-media.prettylittlething.com/loader.svg","https://www.prettylittlething.com/silver-80mm-large-hoop-earrings.html"
"Recycled Gold Rope Layering T Bar Necklace","£10.00£3.50","(65% OFF)","https://cdn-media.prettylittlething.com/loader.svg","https://www.prettylittlething.com/recycled-gold-rope-layering-t-bar-necklace.html"
"Black Slimline Square Frame Sunglasses","£10.00£8.00","(20% OFF)","https://cdn-media.prettylittlething.com/loader.svg","https://www.prettylittlething.com/black-slimline-square-frame-sunglasses.html"
"Gold Textured Diamond Door Knocker Earring","£6.00£5.00","","https://cdn-media.prettylittlething.com/loader.svg","https://www.prettylittlething.com/gold-textured-diamond-door-knocker-earring.html"
"Black Bamboo Effect Buckle Wide Waist Belt","£10.00£4.00","(60% OFF)","https://cdn-media.prettylittlething.com/loader.svg","https://www.prettylittlething.com/black-bamboo-effect-buckle-wide-waist-belt.html"
"Recycled Gold Simple Chain Cherub Necklace","£5.00£3.50","(30% OFF)","https://cdn-media.prettylittlething.com/loader.svg","https://www.prettylittlething.com/recycled-gold-simple-chain-cherub-necklace.html"
"Recycled Gold Assorted 3 Chunky Huggy Hoop Pack","£8.00£3.00","(63% OFF)","https://cdn-media.prettylittlething.com/loader.svg","https://www.prettylittlething.com/recycled-gold-assorted-3-chunky-huggy-hoop-pack.html"
"PRETTYLITTLETHING White Basic Socks","£4.00£3.50","","https://cdn-media.prettylittlething.com/loader.svg","https://www.prettylittlething.com/prettylittlething-white-basic-socks.html"
"Black Pattern PU Croc Gold Square Buckle Waist...","£8.00£3.50","(56% OFF)","https://cdn-media.prettylittlething.com/loader.svg","https://www.prettylittlething.com/black-pattern-pu-croc-gold-square-buckle-waist-belt.html"
"Recycled Gold Interlocked Double Chain Necklace","£6.00£2.75","(54% OFF)","https://cdn-media.prettylittlething.com/loader.svg","https://www.prettylittlething.com/recycled-gold-interlocked-double-chain-necklace.html"
"Black Cut Out Corset Belt","£18.00£5.75","(68% OFF)","https://cdn-media.prettylittlething.com/loader.svg","https://www.prettylittlething.com/black-cut-out-corset-belt.html"
"Recycled Gold Rope Twist Hoop Earrings","£6.00£4.50","(25% OFF)","https://cdn-media.prettylittlething.com/loader.svg","https://www.prettylittlething.com/recycled-gold-rope-twist-hoop-earrings.html"
"Recycled Gold Butterfly Necklace","£4.00£3.00","(25% OFF)","https://cdn-media.prettylittlething.com/loader.svg","https://www.prettylittlething.com/recycled-gold-butterfly-necklace.html"
"Tortoiseshell Rectangle Thick Frame Sunglasses","£8.00£7.00","","https://cdn-media.prettylittlething.com/loader.svg","https://www.prettylittlething.com/tortoiseshell-rectangle-thick-frame-sunglasses.html"
"Black Extra Large Oversized Sun Hat","£22.00£16.50","(25% OFF)","https://cdn-media.prettylittlething.com/loader.svg","https://www.prettylittlething.com/black-extra-large-oversized-sun-hat.html"
"Gold Round Frame Blue Light Readers","£8.00£6.00","(25% OFF)","https://cdn-media.prettylittlething.com/loader.svg","https://www.prettylittlething.com/gold-round-frame-blue-light-readers.html"
"Recycled Gold Twist T Bar Fastening Bracelet","£5.00£2.50","(50% OFF)","https://cdn-media.prettylittlething.com/loader.svg","https://www.prettylittlething.com/recycled-gold-twist-t-bar-fastening-bracelet.html"
"Gold Textured Chunky Chain Bracelet","£10.00£3.00","(70% OFF)","https://cdn-media.prettylittlething.com/loader.svg","https://www.prettylittlething.com/gold-textured-chunky-chain-bracelet.html"
"Cream Extra Large Oversized Sun Hat","£22.00£16.50","(25% OFF)","https://cdn-media.prettylittlething.com/loader.svg","https://www.prettylittlething.com/cream-extra-large-oversized-sun-hat.html"
"Black Triangle Sunglasses","£8.00£7.00","","https://cdn-media.prettylittlething.com/loader.svg","https://www.prettylittlething.com/black-triangle-sunglasses.html"
"Blue Shaggy Fur Flap Over Baguette Shoulder Bag","£20.00£6.75","(66% OFF)","https://cdn-media.prettylittlething.com/loader.svg","https://www.prettylittlething.com/blue-shaggy-fur-flap-over-baguette-shoulder-bag.html"
"Recycled Crystal Stud Earrings","£4.00£3.50","","https://cdn-media.prettylittlething.com/loader.svg","https://www.prettylittlething.com/recycled-crystal-stud-earrings.html"
"Recycled Gold Super Mini Hoop Pack","£5.00£3.50","(30% OFF)","https://cdn-media.prettylittlething.com/loader.svg","https://www.prettylittlething.com/recycled-gold-super-mini-hoop-pack.html"
"Gold Chunky Short Flat Link Chain Necklace","£6.00£4.50","(25% OFF)","https://cdn-media.prettylittlething.com/loader.svg","https://www.prettylittlething.com/gold-chunky-short-flat-link-chain-necklace.html"
"Gold Mini Oval Earrings","£5.00£3.50","(30% OFF)","https://cdn-media.prettylittlething.com/loader.svg","https://www.prettylittlething.com/gold-mini-oval-earrings.html"
"Recycled Gold Diamante Dragon Hoop Earrings","£8.00£3.75","(53% OFF)","https://cdn-media.prettylittlething.com/loader.svg","https://www.prettylittlething.com/recycled-gold-diamante-dragon-hoop-earrings.html"
"Recycled Gold Chunky Thick Chain Necklace","£8.00£6.00","(25% OFF)","https://cdn-media.prettylittlething.com/loader.svg","https://www.prettylittlething.com/recycled-gold-chunky-thick-chain-necklace.html"
"Real Gold Plated Single Curb Chain Necklace","£12.00£10.00","","https://cdn-media.prettylittlething.com/loader.svg","https://www.prettylittlething.com/real-gold-plated-single-curb-chain-necklace.html"
"Recycled Gold 5 Assorted Chunky Ring Pack","£6.00£5.00","","https://cdn-media.prettylittlething.com/loader.svg","https://www.prettylittlething.com/recycled-gold-5-assorted-chunky-ring-pack.html"
"Blue With Pink Faded Lens Square Frameless...","£8.00£7.00","","https://cdn-media.prettylittlething.com/loader.svg","https://www.prettylittlething.com/blue-with-pink-faded-lens-square-frameless-sunglasses.html"
"Gold Super Mini Hoop Pack","£5.00£2.50","(50% OFF)","https://cdn-media.prettylittlething.com/loader.svg","https://www.prettylittlething.com/gold-super-mini-hoop-pack.html"
"Gold Crystal Door Knocker Earrings","£10.00£7.00","(30% OFF)","https://cdn-media.prettylittlething.com/loader.svg","https://www.prettylittlething.com/gold-crystal-door-knocker-earrings.html"
"PRETTYLITTLETHING Multi Coloured Wide Rib Socks","£6.00£2.50","(58% OFF)","https://cdn-media.prettylittlething.com/loader.svg","https://www.prettylittlething.com/prettylittlething-multi-coloured-wide-rib-socks.html"
"Gold Textured Oval Drop Statement Earrings","£6.00£2.50","(58% OFF)","https://cdn-media.prettylittlething.com/loader.svg","https://www.prettylittlething.com/gold-textured-oval-drop-statement-earrings.html"
"Recycled Silver Textured Circle Stud","£4.00£3.00","(25% OFF)","https://cdn-media.prettylittlething.com/loader.svg","https://www.prettylittlething.com/recycled-silver-textured-circle-stud.html"
"Gold Multi Pack Rings","£8.00£6.00","(25% OFF)","https://cdn-media.prettylittlething.com/loader.svg","https://www.prettylittlething.com/gold-multi-pack-rings.html"
"Black Trapeze Shape Cross Body Bag","£18.00£15.00","","https://cdn-media.prettylittlething.com/loader.svg","https://www.prettylittlething.com/black-trapeze-shape-cross-body-bag.html"
"Silver Diamante Link Chain Choker","£5.00£3.50","(30% OFF)","https://cdn-media.prettylittlething.com/loader.svg","https://www.prettylittlething.com/silver-diamante-link-chain-choker.html"
"Gold Rope And Heart Charm Layering Necklace","£6.00£4.50","(25% OFF)","https://cdn-media.prettylittlething.com/loader.svg","https://www.prettylittlething.com/gold-rope-and-heart-charm-layering-necklace.html"
"Black Mini Double Handle Crossbody Backpack","£20.00£17.00","","https://cdn-media.prettylittlething.com/loader.svg","https://www.prettylittlething.com/black-mini-double-handle-crossbody-backpack.html"
"White Croc Mini Grab Bag","£20.00£17.00","","https://cdn-media.prettylittlething.com/loader.svg","https://www.prettylittlething.com/white-croc-mini-grab-bag.html"
"Black Gold Trim Square Lens Sunglasses","£10.00£5.50","(45% OFF)","https://cdn-media.prettylittlething.com/loader.svg","https://www.prettylittlething.com/black-gold-trim-square-lens-sunglasses.html"
"Tan Oversized Weave With Gold Chain Shoulder Bag","£25.00£21.00","","https://cdn-media.prettylittlething.com/loader.svg","https://www.prettylittlething.com/tan-oversized-weave-with-gold-chain-shoulder-bag.html"
"Recycled Gold Thick Fossil Hoop Earrings","£8.00£3.75","(53% OFF)","https://cdn-media.prettylittlething.com/loader.svg","https://www.prettylittlething.com/recycled-gold-thick-fossil-hoop-earrings.html"
"Black Croc Chunky Chain Shoulder Bag","£22.00£18.00","","https://cdn-media.prettylittlething.com/loader.svg","https://www.prettylittlething.com/black-croc-chunky-chain-shoulder-bag.html"
"PRETTYLITTLETHING Baby Pink Fluffy Logo Socks","£4.00£2.25","(44% OFF)","https://cdn-media.prettylittlething.com/loader.svg","https://www.prettylittlething.com/prettylittlething-baby-pink-fluffy-logo-socks.html"
"Recycled Gold Multi Assorted Chunky T Bar Chain...","£8.00£2.00","(75% OFF)","https://cdn-media.prettylittlething.com/loader.svg","https://www.prettylittlething.com/recycled-gold-multi-assorted-chunky-t-bar-chain-necklace.html"
"Clear Tear Drop Ear Cuff","£6.00£2.00","(67% OFF)","https://cdn-media.prettylittlething.com/loader.svg","https://www.prettylittlething.com/clear-tear-drop-ear-cuff.html"
"Brynn Gold Big Twisted Metal Hoop Earrings","£3.00£2.50","","https://cdn-media.prettylittlething.com/loader.svg","https://www.prettylittlething.com/brynn-gold-big-twisted-metal-hoop-earrings.html"
"PRETTYLITTLETHING Black Chunky Cable Beanie","£10.00£2.00","(80% OFF)","https://cdn-media.prettylittlething.com/loader.svg","https://www.prettylittlething.com/prettylittlething-black-chunky-cable-beanie.html"
"Black Sports Sock","£3.00£2.00","(33% OFF)","https://cdn-media.prettylittlething.com/loader.svg","https://www.prettylittlething.com/black-sports-sock.html"
"Recycled Gold Hammered Link Hoop Earrings","£6.00£4.00","(33% OFF)","https://cdn-media.prettylittlething.com/loader.svg","https://www.prettylittlething.com/recycled-gold-hammered-link-hoop-earrings.html"
"Gold Chunky Single Chain Belt","£10.00£8.00","(20% OFF)","https://cdn-media.prettylittlething.com/loader.svg","https://www.prettylittlething.com/gold-chunky-single-chain-belt.html"
"Black On Gold Circular Sunglasses","£10.00£8.00","(20% OFF)","https://cdn-media.prettylittlething.com/loader.svg","https://www.prettylittlething.com/black-on-gold-circular-sunglasses.html"
"Black Narrow Slim Angular Cat Eye Sunglasses","£8.00£6.50","","https://cdn-media.prettylittlething.com/loader.svg","https://www.prettylittlething.com/black-narrow-slim-angular-cat-eye-sunglasses.html"
"Gold Delicate Infinity Sign Necklace","£4.00£3.50","","https://cdn-media.prettylittlething.com/loader.svg","https://www.prettylittlething.com/gold-delicate-infinity-sign-necklace.html"
"Blue Monogram Check Socks","£4.00£1.50","(63% OFF)","https://cdn-media.prettylittlething.com/loader.svg","https://www.prettylittlething.com/blue-monogram-check-socks.html"
"Gold Chunky Chain T Bar And Heart Pendant...","£6.00£2.50","(58% OFF)","https://cdn-media.prettylittlething.com/loader.svg","https://www.prettylittlething.com/gold-chunky-chain-t-bar-and-heart-pendant-layering-necklace.html"
"Black Tinted Oversized Flat Top Sunglasses","£8.00£7.00","","https://cdn-media.prettylittlething.com/loader.svg","https://www.prettylittlething.com/black-tinted-oversized-flat-top-sunglasses.html"
"PRETTYLITTLETHING Peach Square Frame Blue Light...","£8.00£6.50","","https://cdn-media.prettylittlething.com/loader.svg","https://www.prettylittlething.com/prettylittlething-peach-square-frame-blue-light-readers.html"
"Black Flat Top Baker Boy Hat","£12.00£8.00","(33% OFF)","https://cdn-media.prettylittlething.com/loader.svg","https://www.prettylittlething.com/black-flat-top-baker-boy-hat.html"
"Gold Skinny Square Large Hoop Earrings","£4.00£3.50","","https://cdn-media.prettylittlething.com/loader.svg","https://www.prettylittlething.com/gold-skinny-square-large-hoop-earrings.html"
"Cream Oversized Straw Hat","£22.00£16.50","(25% OFF)","https://cdn-media.prettylittlething.com/loader.svg","https://www.prettylittlething.com/cream-oversized-straw-hat.html"
"Recycled Gold Long Thick Hoop Earrings","£6.00£4.00","(33% OFF)","https://cdn-media.prettylittlething.com/loader.svg","https://www.prettylittlething.com/recycled-gold-long-thick-hoop-earrings.html"
"PRETTYLITTLETHING Lime Fluffy Logo Socks","£4.00£2.25","(44% OFF)","https://cdn-media.prettylittlething.com/loader.svg","https://www.prettylittlething.com/prettylittlething-lime-fluffy-logo-socks.html"
"Black Matte Oversized Square Frame Sunglasses","£10.00£8.00","(20% OFF)","https://cdn-media.prettylittlething.com/loader.svg","https://www.prettylittlething.com/black-matte-oversized-square-frame-sunglasses.html"
"Zebra Chain Handle 90s Shoulder Bag","£18.00£14.00","(22% OFF)","https://cdn-media.prettylittlething.com/loader.svg","https://www.prettylittlething.com/zebra-chain-handle-90s-shoulder-bag.html"
"Brown Tort Orange Lens Square Sunglasses","£8.00£4.75","(41% OFF)","https://cdn-media.prettylittlething.com/loader.svg","https://www.prettylittlething.com/brown-tort-orange-lens-square-sunglasses.html"
"Gold Twisted Rope Necklace","£6.00£5.00","","https://cdn-media.prettylittlething.com/loader.svg","https://www.prettylittlething.com/gold-twisted-rope-necklace.html"
"Recycled Grey Fine Knit Ribbed Beanie","£8.00£1.75","(78% OFF)","https://cdn-media.prettylittlething.com/loader.svg","https://www.prettylittlething.com/recycled-grey-fine-knit-ribbed-beanie.html"
"Brown Tortoise Slimline Square Frame Sunglasses","£10.00£7.00","(30% OFF)","https://cdn-media.prettylittlething.com/loader.svg","https://www.prettylittlething.com/brown-tortoise-slimline-square-frame-sunglasses.html"
"Recycled Gold Mini Disc And Hoop Necklace","£6.00£3.00","(50% OFF)","https://cdn-media.prettylittlething.com/loader.svg","https://www.prettylittlething.com/recycled-gold-mini-disc-and-hoop-necklace.html"
"Black Square Frame Slimline Sunglasses","£8.00£7.00","","https://cdn-media.prettylittlething.com/loader.svg","https://www.prettylittlething.com/black-square-frame-slimline-sunglasses.html"
"Gold Diamante Butterfly Chain Belt","£12.00£9.00","(25% OFF)","https://cdn-media.prettylittlething.com/loader.svg","https://www.prettylittlething.com/gold-diamante-butterfly-chain-belt.html"
"Gold Assorted 2 Pack Bracelet","£5.00£4.00","(20% OFF)","https://cdn-media.prettylittlething.com/loader.svg","https://www.prettylittlething.com/gold-assorted-2-pack-bracelet.html"
"Gold Circle Stud Small Line Effect Door Knocker...","£6.00£5.00","","https://cdn-media.prettylittlething.com/loader.svg","https://www.prettylittlething.com/gold-circle-stud-small-line-effect-door-knocker-earring.html"
"PRETTYLITTLETHING Pink Logo Socks","£5.00£2.50","(50% OFF)","https://cdn-media.prettylittlething.com/loader.svg","https://www.prettylittlething.com/prettylittlething-pink-logo-socks.html"
"Gold Baguette Diamante Chocker Necklace","£12.00£3.75","(69% OFF)","https://cdn-media.prettylittlething.com/loader.svg","https://www.prettylittlething.com/gold-baguette-diamante-chocker-necklace.html"
"Recycled Silver Diamante Butterfly Drop Necklace","£6.00£5.00","","https://cdn-media.prettylittlething.com/loader.svg","https://www.prettylittlething.com/recycled-silver-diamante-butterfly-drop-necklace.html"
"Real Gold Plated Double Chain Bracelet","£8.00£6.50","","https://cdn-media.prettylittlething.com/loader.svg","https://www.prettylittlething.com/real-gold-plated-double-chain-bracelet.html"
"Black Double Gold Square Buckle Waist Belt","£12.00£10.00","","https://cdn-media.prettylittlething.com/loader.svg","https://www.prettylittlething.com/black-double-gold-square-buckle-waist-belt.html"
"Real Silver Plated Mini Hoop Earrings","£8.00£6.00","(25% OFF)","https://cdn-media.prettylittlething.com/loader.svg","https://www.prettylittlething.com/real-silver-plated-mini-hoop-earrings.html"
"Pink Lens Ombre Oversized Square Frame Sunglasses","£8.00£6.50","","https://cdn-media.prettylittlething.com/loader.svg","https://www.prettylittlething.com/pink-lens-ombre-oversized-square-frame-sunglasses.html"
"Gold Mixed Textured Ring 8 Pack","£6.00£4.50","(25% OFF)","https://cdn-media.prettylittlething.com/loader.svg","https://www.prettylittlething.com/gold-mixed-textured-ring-8-pack.html"
"Gold Script Love Heart Anklet","£6.00£5.00","","https://cdn-media.prettylittlething.com/loader.svg","https://www.prettylittlething.com/gold-script-love-heart-anklet.html"
"Gold Chunky Tubular Earrings","£6.00£5.00","","https://cdn-media.prettylittlething.com/loader.svg","https://www.prettylittlething.com/gold-chunky-tubular-earrings.html"
"Clear Hair Claw","£3.00£2.50","","https://cdn-media.prettylittlething.com/loader.svg","https://www.prettylittlething.com/clear-hair-claw.html"
"Chocolate Ruched Mini Grab bag","£18.00£13.00","(28% OFF)","https://cdn-media.prettylittlething.com/loader.svg","https://www.prettylittlething.com/chocolate-ruched-mini-grab-bag.html"
"Black Double Ring Buckle Belt","£10.00£7.00","(30% OFF)","https://cdn-media.prettylittlething.com/loader.svg","https://www.prettylittlething.com/black-double-ring-buckle-belt.html"
"Red Croc Cross Body Bag","£20.00£15.00","(25% OFF)","https://cdn-media.prettylittlething.com/loader.svg","https://www.prettylittlething.com/red-croc-cross-body-bag.html"
"Black Snake PU Silver Ring Waist Belt","£8.00£6.00","(25% OFF)","https://cdn-media.prettylittlething.com/loader.svg","https://www.prettylittlething.com/black-snake-pu-silver-ring-waist-belt.html"
"Recycled Gold Simple Circle Statement Earrings","£6.00£4.00","(33% OFF)","https://cdn-media.prettylittlething.com/loader.svg","https://www.prettylittlething.com/recycled-gold-simple-circle-statement-earrings.html"
"Black Chain Detail Round Cat Eye Sunglasses","£8.00£7.00","","https://cdn-media.prettylittlething.com/loader.svg","https://www.prettylittlething.com/black-chain-detail-round-cat-eye-sunglasses.html"
"Gold Renaissance Mini Coin Cross Layered Necklace","£8.00£6.00","(25% OFF)","https://cdn-media.prettylittlething.com/loader.svg","https://www.prettylittlething.com/gold-renaissance-mini-coin-cross-layered-necklace.html"
"Taupe Square Frame Slimline Sunglasses","£8.00£7.00","","https://cdn-media.prettylittlething.com/loader.svg","https://www.prettylittlething.com/taupe-square-frame-slimline-sunglasses.html"
"Lime Croc Buckle Front Shoulder Bag","£20.00£10.75","(46% OFF)","https://cdn-media.prettylittlething.com/loader.svg","https://www.prettylittlething.com/lime-croc-buckle-front-shoulder-bag.html"
"Green Extreme Ruched Handle Shoulder Bag","£18.00£16.00","","https://cdn-media.prettylittlething.com/loader.svg","https://www.prettylittlething.com/green-extreme-ruched-handle-shoulder-bag.html"
"Black Ball Chain Border Mini Rucksack","£28.00£22.00","(21% OFF)","https://cdn-media.prettylittlething.com/loader.svg","https://www.prettylittlething.com/black-ball-chain-border-mini-rucksack.html"
"Black Oversized Weave With Gold Chain Shoulder Bag","£25.00£20.00","(20% OFF)","https://cdn-media.prettylittlething.com/loader.svg","https://www.prettylittlething.com/black-oversized-weave-with-gold-chain-shoulder-bag.html"
"Gold Double Chain Layer Anklet","£4.00£3.50","","https://cdn-media.prettylittlething.com/loader.svg","https://www.prettylittlething.com/gold-double-chain-layer-anklet.html"
"PRETTYLITTLETHING White Logo Socks","£5.00£3.50","(30% OFF)","https://cdn-media.prettylittlething.com/loader.svg","https://www.prettylittlething.com/prettylittlething-white-logo-socks.html"
"Recycled Gold Ribbed Twist Hoop Earrings","£8.00£4.00","(50% OFF)","https://cdn-media.prettylittlething.com/loader.svg","https://www.prettylittlething.com/recycled-gold-ribbed-twist-hoop-earrings.html"
"Gold Recycled Thick Medium Abstract Multipack...","£6.00£2.75","(54% OFF)","https://cdn-media.prettylittlething.com/loader.svg","https://www.prettylittlething.com/gold-recycled-thick-medium-abstract-multipack-hoop-earrings.html"
"White Mini Envelope Gold Chain Grab Bag","£18.00£15.00","","https://cdn-media.prettylittlething.com/loader.svg","https://www.prettylittlething.com/white-mini-envelope-gold-chain-grab-bag.html"
"Multi Embroidered Abstract 3 Pack Short Ankle...","£8.00£5.00","(38% OFF)","https://cdn-media.prettylittlething.com/loader.svg","https://www.prettylittlething.com/multi-embroidered-abstract-3-pack-short-ankle-socks.html"
"Black Multi Scarf Print Bandana","£8.00£6.00","(25% OFF)","https://cdn-media.prettylittlething.com/loader.svg","https://www.prettylittlething.com/black-multi-scarf-print-bandana.html"
"Pink Will You Be My Bridesmaid Scrunchie 2 Pack","£8.00£3.25","(59% OFF)","https://cdn-media.prettylittlething.com/loader.svg","https://www.prettylittlething.com/pink-will-you-be-my-bridesmaid-scrunchie-2-pack.html"
"Black Squashed Square Sunglasses","£8.00£6.50","","https://cdn-media.prettylittlething.com/loader.svg","https://www.prettylittlething.com/black-squashed-square-sunglasses.html"
"Orange Resin Assorted Ring Pack","£10.00£3.75","(63% OFF)","https://cdn-media.prettylittlething.com/loader.svg","https://www.prettylittlething.com/orange-resin-assorted-ring-pack.html"
"Gold Butterfly And Mixed Ring 7 Pack","£6.00£4.50","(25% OFF)","https://cdn-media.prettylittlething.com/loader.svg","https://www.prettylittlething.com/gold-butterfly-and-mixed-ring-7-pack.html"
"Gold Diamante Delicate Snake Ring","£4.00£3.00","(25% OFF)","https://cdn-media.prettylittlething.com/loader.svg","https://www.prettylittlething.com/gold-diamante-delicate-snake-ring.html"
"Recycled Gold Plain Chain Double Layering Necklace","£5.00£4.00","(20% OFF)","https://cdn-media.prettylittlething.com/loader.svg","https://www.prettylittlething.com/recycled-gold-plain-chain-double-layering-necklace.html"
"Jena Silver Diamante Choker","£15.00£7.25","(52% OFF)","https://cdn-media.prettylittlething.com/loader.svg","https://www.prettylittlething.com/jena-silver-diamante-choker.html"
"Green Shiny PU Wave Shoulder Bag","£18.00£7.75","(57% OFF)","https://cdn-media.prettylittlething.com/loader.svg","https://www.prettylittlething.com/green-shiny-pu-wave-shoulder-bag.html"
"Lilac Tonal Zebra Socks","£4.00£2.50","(38% OFF)","https://cdn-media.prettylittlething.com/loader.svg","https://www.prettylittlething.com/lilac-tonal-zebra-socks.html"
"PRETTYLITTLETHING Black Monogram Tights","£10.00£3.25","(68% OFF)","https://cdn-media.prettylittlething.com/loader.svg","https://www.prettylittlething.com/prettylittlething-black-monogram-tights.html"
"Chocolate Croc Shoulder Bag","£18.00£13.00","(28% OFF)","https://cdn-media.prettylittlething.com/loader.svg","https://www.prettylittlething.com/chocolate-croc-shoulder-bag.html"
"Brown Tortoise Round Frame Slim Sunglasses","£8.00£7.00","","https://cdn-media.prettylittlething.com/loader.svg","https://www.prettylittlething.com/brown-tortoise-round-frame-slim-sunglasses.html"
"Basic Black Scrunchie","£2.00£1.50","(25% OFF)","https://cdn-media.prettylittlething.com/loader.svg","https://www.prettylittlething.com/basic-black-scrunchie.html"
"Recycled Real Gold Plated Mrs Necklace","£12.00£4.50","(63% OFF)","https://cdn-media.prettylittlething.com/loader.svg","https://www.prettylittlething.com/recycled-real-gold-plated-mrs-necklace.html"
"Green Oversized Weave With Gold Chain Shoulder Bag","£25.00£20.00","(20% OFF)","https://cdn-media.prettylittlething.com/loader.svg","https://www.prettylittlething.com/green-oversized-weave-with-gold-chain-shoulder-bag.html"
"Black Chain Detail Cat Eye Sunglasses","£8.00£6.50","","https://cdn-media.prettylittlething.com/loader.svg","https://www.prettylittlething.com/black-chain-detail-cat-eye-sunglasses.html"
"Gold Pearl Detail Ear Climber Headphone Charm","£8.00£1.75","(78% OFF)","https://cdn-media.prettylittlething.com/loader.svg","https://www.prettylittlething.com/gold-pearl-detail-ear-climber-headphone-charm.html"
"Recycled Silver Mixed Textured Ring 8 Pack","£6.00£5.00","","https://cdn-media.prettylittlething.com/loader.svg","https://www.prettylittlething.com/recycled-silver-mixed-textured-ring-8-pack.html"
"Gold 80mm Large Hoop Earrings","£3.00£2.50","","https://cdn-media.prettylittlething.com/loader.svg","https://www.prettylittlething.com/gold-80mm-large-hoop-earrings.html"
"Recycled PRETTYLITTLETHING Gold Padlock Chunky...","£8.00£3.25","(59% OFF)","https://cdn-media.prettylittlething.com/loader.svg","https://www.prettylittlething.com/recycled-prettylittlething-gold-padlock-chunky-chain-layering-necklac.html"
"Gold Chunky Textured Square Drop Door Knocker...","£8.00£6.50","","https://cdn-media.prettylittlething.com/loader.svg","https://www.prettylittlething.com/gold-chunky-textured-square-drop-door-knocker-earrings.html"
"Recycled Gold Diamante Snake Ear Climber","£5.00£3.50","(30% OFF)","https://cdn-media.prettylittlething.com/loader.svg","https://www.prettylittlething.com/recycled-gold-diamante-snake-ear-climber.html"
"Recycled Gold Diamante Baguette Detail Hoop...","£5.00£3.00","(40% OFF)","https://cdn-media.prettylittlething.com/loader.svg","https://www.prettylittlething.com/recycled-gold-diamante-baguette-detail-hoop-earrings.html"
"Black Ribbed Square Buckle Waist Belt","£8.00£3.50","(56% OFF)","https://cdn-media.prettylittlething.com/loader.svg","https://www.prettylittlething.com/black-ribbed-square-buckle-waist-belt.html"
"Black 12 Pack Basic Bobbles","£2.00£1.50","(25% OFF)","https://cdn-media.prettylittlething.com/loader.svg","https://www.prettylittlething.com/black-12-pack-basic-bobbles.html"
"Black Extreme Ruched Handle Shoulder Bag","£18.00£15.00","","https://cdn-media.prettylittlething.com/loader.svg","https://www.prettylittlething.com/black-extreme-ruched-handle-shoulder-bag.html"
"Recycled Gold Irregular Shaped Hoop Earrings","£5.00£3.50","(30% OFF)","https://cdn-media.prettylittlething.com/loader.svg","https://www.prettylittlething.com/recycled-gold-irregular-shaped-hoop-earrings.html"
"Gold Chain Link Multi Ring Set","£6.00£4.50","(25% OFF)","https://cdn-media.prettylittlething.com/loader.svg","https://www.prettylittlething.com/gold-chain-link-multi-ring-set.html"
"Black Oversized Back Frame Sunglasses","£8.00£7.00","","https://cdn-media.prettylittlething.com/loader.svg","https://www.prettylittlething.com/black-oversized-back-frame-sunglasses.html"
"Gold Small Hoop Earring Three Pack","£6.00£5.00","","https://cdn-media.prettylittlething.com/loader.svg","https://www.prettylittlething.com/gold-small-hoop-earring-three-pack.html"
"Tan Croc Buckle Mini Shoulder Bag","£18.00£13.00","(28% OFF)","https://cdn-media.prettylittlething.com/loader.svg","https://www.prettylittlething.com/tan-croc-buckle-mini-shoulder-bag.html"
"PRETTYLITTLETHING Silver Detail Black Bucket Hat","£12.00£10.00","","https://cdn-media.prettylittlething.com/loader.svg","https://www.prettylittlething.com/prettylittlething-silver-detail-black-bucket-hat.html"
"Gold 3 Row Front Chain Belt","£12.00£10.00","","https://cdn-media.prettylittlething.com/loader.svg","https://www.prettylittlething.com/gold-3-row-front-chain-belt.html"
"Real Silver Plated Single Curb Chain Necklace","£10.00£5.75","(43% OFF)","https://cdn-media.prettylittlething.com/loader.svg","https://www.prettylittlething.com/real-silver-plated-single-curb-chain-necklace.html"
"Recycled Gold Chunky Chain Layered Coin Necklace","£10.00£3.25","(68% OFF)","https://cdn-media.prettylittlething.com/loader.svg","https://www.prettylittlething.com/recycled-gold-chunky-chain-layered-coin-necklace.html"
"Olive PU Mini Grab Bag","£20.00£18.00","","https://cdn-media.prettylittlething.com/loader.svg","https://www.prettylittlething.com/olive-pu-mini-grab-bag.html"
"Silver Double Layer Stars And Diamante Chain...","£4.00£3.50","","https://cdn-media.prettylittlething.com/loader.svg","https://www.prettylittlething.com/silver-double-layer-stars-and-diamante-chain-anklet.html"
"White Ruched Handle Small Grab Bag","£20.00£18.00","","https://cdn-media.prettylittlething.com/loader.svg","https://www.prettylittlething.com/white-ruched-handle-small-grab-bag.html"
"Cream PU Croc Gold Chain Shoulder Bag","£22.00£18.00","","https://cdn-media.prettylittlething.com/loader.svg","https://www.prettylittlething.com/cream-pu-croc-gold-chain-shoulder-bag.html"
"Chocolate Hair Claw","£3.00£2.50","","https://cdn-media.prettylittlething.com/loader.svg","https://www.prettylittlething.com/chocolate-hair-claw.html"
"Gold Squared Medium Hoop Earrings","£6.00£5.00","","https://cdn-media.prettylittlething.com/loader.svg","https://www.prettylittlething.com/gold-squared-medium-hoop-earrings.html"
"Orange Nylon Rounded Front Silver Buckle...","£20.00£14.00","(30% OFF)","https://cdn-media.prettylittlething.com/loader.svg","https://www.prettylittlething.com/orange-nylon-rounded-front-silver-buckle-shoulder-bag.html"
"Recycled Gold Cross Multi Ring Pack","£6.00£3.50","(42% OFF)","https://cdn-media.prettylittlething.com/loader.svg","https://www.prettylittlething.com/recycled-gold-cross-multi-ring-pack.html"
"Black Gold Chain Arm Detail Sunglasses","£10.00£8.00","(20% OFF)","https://cdn-media.prettylittlething.com/loader.svg","https://www.prettylittlething.com/black-gold-chain-arm-detail-sunglasses.html"
"Gold Layered Chain Belt","£15.00£11.00","(27% OFF)","https://cdn-media.prettylittlething.com/loader.svg","https://www.prettylittlething.com/gold-layered-chain-belt.html"
"White PU Croc Shoulder Bag","£20.00£16.00","(20% OFF)","https://cdn-media.prettylittlething.com/loader.svg","https://www.prettylittlething.com/white-pu-croc-shoulder-bag.html"
"Black Oversized Round Cat Eye Sunglasses","£10.00£9.00","","https://cdn-media.prettylittlething.com/loader.svg","https://www.prettylittlething.com/black-oversized-round-cat-eye-sunglasses.html"
"Gold Large Hexagon Hoops","£6.00£3.25","(46% OFF)","https://cdn-media.prettylittlething.com/loader.svg","https://www.prettylittlething.com/gold-large-hexagon-hoops.html"
"PRETTYLITTLETHING Initial Patterned Tights","£8.00£6.00","(25% OFF)","https://cdn-media.prettylittlething.com/loader.svg","https://www.prettylittlething.com/prettylittlething-initial-patterned-tights.html"
"Recycled Gold Butterfly And Mixed Ring 7 Pack","£6.00£3.50","(42% OFF)","https://cdn-media.prettylittlething.com/loader.svg","https://www.prettylittlething.com/recycled-gold-butterfly-and-mixed-ring-7-pack.html"
"Gold Oval Diamante Statement Earrings","£6.00£4.50","(25% OFF)","https://cdn-media.prettylittlething.com/loader.svg","https://www.prettylittlething.com/gold-oval-diamante-statement-earrings.html"
"Recycled Gold Multi Pave Butterfly Layering...","£8.00£5.25","(34% OFF)","https://cdn-media.prettylittlething.com/loader.svg","https://www.prettylittlething.com/recycled-gold-multi-pave-butterfly-layering-necklace.html"
"Orange Tab Detail Mini Shoulder Bag","£18.00£16.00","","https://cdn-media.prettylittlething.com/loader.svg","https://www.prettylittlething.com/orange-tab-detail-mini-shoulder-bag.html"
"Gold Love Coin Layered Necklace","£8.00£4.00","(50% OFF)","https://cdn-media.prettylittlething.com/loader.svg","https://www.prettylittlething.com/gold-love-coin-layered-necklace.html"
"Pink Mini Envelope Gold Chain Grab Bag","£18.00£15.00","","https://cdn-media.prettylittlething.com/loader.svg","https://www.prettylittlething.com/pink-mini-envelope-gold-chain-grab-bag.html"
"Recycled Gold Oversized Cross Statement Earrings","£6.00£5.00","","https://cdn-media.prettylittlething.com/loader.svg","https://www.prettylittlething.com/recycled-gold-oversized-cross-statement-earrings.html"
"Black Eyelet and Chain Detail Belt","£10.00£7.00","(30% OFF)","https://cdn-media.prettylittlething.com/loader.svg","https://www.prettylittlething.com/black-eyelet-and-chain-detail-belt.html"
"PRETTYLITTLETHING Unicorn Pink XR iPhone Case","£8.00£3.00","(63% OFF)","https://cdn-media.prettylittlething.com/loader.svg","https://www.prettylittlething.com/prettylittlething-unicorn-pink-xr-iphone-case.html"
"Gold Plait Twist Double Chain Necklace","£6.00£2.75","(54% OFF)","https://cdn-media.prettylittlething.com/loader.svg","https://www.prettylittlething.com/gold-plait-twist-double-chain-necklace.html"
"Orange Flame Detail Shaggy Fur Trim Bucket Hat","£15.00£5.00","(67% OFF)","https://cdn-media.prettylittlething.com/loader.svg","https://www.prettylittlething.com/orange-flame-detail-shaggy-fur-trim-bucket-hat.html"
"Gold Star Moon Pendant Layered Necklace","£6.00£4.50","(25% OFF)","https://cdn-media.prettylittlething.com/loader.svg","https://www.prettylittlething.com/gold-star-moon-pendant-layered-necklace.html"
"PRETTYLITTLETHING Blue Vinyl Bucket Hat","£12.00£4.75","(60% OFF)","https://cdn-media.prettylittlething.com/loader.svg","https://www.prettylittlething.com/prettylittlething-blue-vinyl-bucket-hat.html"
"PRETTYLITTLETHING Black Logo 11 Pro Max Iphone...","£8.00£2.75","(66% OFF)","https://cdn-media.prettylittlething.com/loader.svg","https://www.prettylittlething.com/prettylittlething-black-logo-11-pro-max-iphone-phone-case.html"
"Black Croc Printed Gold Snake Waist Belt","£8.00£6.00","(25% OFF)","https://cdn-media.prettylittlething.com/loader.svg","https://www.prettylittlething.com/black-croc-printed-gold-snake-waist-belt.html"
"Brown Tortoiseshell Narrow Frame Sunglasses","£8.00£6.00","(25% OFF)","https://cdn-media.prettylittlething.com/loader.svg","https://www.prettylittlething.com/brown-tortoiseshell-narrow-frame-sunglasses.html"
"Recycled Gold Thick Chunky Statement Hoop Earrings","£6.00£4.50","(25% OFF)","https://cdn-media.prettylittlething.com/loader.svg","https://www.prettylittlething.com/recycled-gold-thick-chunky-statement-hoop-earrings.html"
"Recycled Gold Multi Assorted Pack Rings","£6.00£2.75","(54% OFF)","https://cdn-media.prettylittlething.com/loader.svg","https://www.prettylittlething.com/recycled-gold-multi-assorted-pack-rings.html"
"Gold Triple Chain Bracelet","£6.00£4.50","(25% OFF)","https://cdn-media.prettylittlething.com/loader.svg","https://www.prettylittlething.com/gold-triple-chain-bracelet.html"
"Blue Multi Scarf Print Bandana","£8.00£5.00","(38% OFF)","https://cdn-media.prettylittlething.com/loader.svg","https://www.prettylittlething.com/blue-multi-scarf-print-bandana.html"
"Silver Baby Girl And Rose Chain Layering Necklace","£6.00£4.50","(25% OFF)","https://cdn-media.prettylittlething.com/loader.svg","https://www.prettylittlething.com/silver-baby-girl-and-rose-chain-layering-necklace.html"
"Gold Recycled Assorted Layering Chains Necklace","£12.00£5.00","(58% OFF)","https://cdn-media.prettylittlething.com/loader.svg","https://www.prettylittlething.com/gold-recycled-assorted-layering-chains-necklace.html"
"Chocolate Tortoiseshell Oversized Square...","£10.00£8.00","(20% OFF)","https://cdn-media.prettylittlething.com/loader.svg","https://www.prettylittlething.com/chocolate-tortoiseshell-oversized-square-sunglasses.html"
"Chocolate Oversized Weave With Gold Chain...","£25.00£20.00","(20% OFF)","https://cdn-media.prettylittlething.com/loader.svg","https://www.prettylittlething.com/chocolate-oversized-weave-with-gold-chain-shoulder-bag.html"
"Recycled Silver Multi Pave Simple Butterfly...","£8.00£4.50","(44% OFF)","https://cdn-media.prettylittlething.com/loader.svg","https://www.prettylittlething.com/recycled-silver-multi-pave-simple-butterfly-necklace.html"
"Green Metal Frame Rope Detail Oversized Sunglasses","£10.00£4.50","(55% OFF)","https://cdn-media.prettylittlething.com/loader.svg","https://www.prettylittlething.com/green-metal-frame-rope-detail-oversized-sunglasses.html"
"Real Gold Plated Mini Hoop Earrings","£8.00£6.50","","https://cdn-media.prettylittlething.com/loader.svg","https://www.prettylittlething.com/real-gold-plated-mini-hoop-earrings.html"
"Black Gradient Oversized Sunglasses","£10.00£9.00","","https://cdn-media.prettylittlething.com/loader.svg","https://www.prettylittlething.com/black-gradient-oversized-sunglasses.html"
"Gold Chunky Multi Chain T-Bar Bracelet Pack","£6.00£4.50","(25% OFF)","https://cdn-media.prettylittlething.com/loader.svg","https://www.prettylittlething.com/gold-chunky-multi-chain-t-bar-bracelet-pack.html"
"Recycled Silver Dainty Assorted 3 Pack Ear Cuffs","£5.00£3.50","(30% OFF)","https://cdn-media.prettylittlething.com/loader.svg","https://www.prettylittlething.com/recycled-silver-dainty-assorted-3-pack-ear-cuffs.html"
"Silver Thin Metal Plated Waist Belt","£10.00£4.75","(53% OFF)","https://cdn-media.prettylittlething.com/loader.svg","https://www.prettylittlething.com/silver-thin-metal-plated-waist-belt.html"
"Gold Hoop Statement Earrings","£6.00£5.00","","https://cdn-media.prettylittlething.com/loader.svg","https://www.prettylittlething.com/gold-hoop-statement-earrings.html"
"Baby Blue Velour Bucket Hat","£10.00£5.00","(50% OFF)","https://cdn-media.prettylittlething.com/loader.svg","https://www.prettylittlething.com/baby-blue-velour-bucket-hat.html"
"40 Denier Tights","£4.00£3.00","(25% OFF)","https://cdn-media.prettylittlething.com/loader.svg","https://www.prettylittlething.com/40-denier-tights.html"
"Recycled Gold T-Bar Assorted Chains Layered...","£10.00£3.75","(63% OFF)","https://cdn-media.prettylittlething.com/loader.svg","https://www.prettylittlething.com/recycled-gold-t-bar-assorted-chains-layered-necklace.html"
"Lime Gold Chain Strap Shoulder Bag","£22.00£18.00","","https://cdn-media.prettylittlething.com/loader.svg","https://www.prettylittlething.com/lime-gold-chain-strap-shoulder-bag.html"
"Recycled Gold Roman Multi Shape Five Set Ring Pack","£6.00£5.00","","https://cdn-media.prettylittlething.com/loader.svg","https://www.prettylittlething.com/recycled-gold-roman-multi-shape-five-set-ring-pack.html"
"White Leaf Buckle Effect Waist Belt","£10.00£7.00","(30% OFF)","https://cdn-media.prettylittlething.com/loader.svg","https://www.prettylittlething.com/white-leaf-buckle-effect-waist-belt.html"
"Recycled Silver Textured Mixed Mini Hoop 4 Pack","£8.00£6.00","(25% OFF)","https://cdn-media.prettylittlething.com/loader.svg","https://www.prettylittlething.com/recycled-silver-textured-mixed-mini-hoop-4-pack.html"
"Real Silver Plated Recycled Mrs Necklace","£12.00£3.00","(75% OFF)","https://cdn-media.prettylittlething.com/loader.svg","https://www.prettylittlething.com/real-silver-plated-recycled-mrs-necklace.html"
"Cream Real Leather Hammered Buckle Belt","£18.00£4.00","(78% OFF)","https://cdn-media.prettylittlething.com/loader.svg","https://www.prettylittlething.com/cream-real-leather-hammered-buckle-belt.html"
"Recycled Silver Diamante Three Set Stacking Rings","£4.00£3.50","","https://cdn-media.prettylittlething.com/loader.svg","https://www.prettylittlething.com/recycled-silver-diamante-three-set-stacking-rings.html"
"PRETTYLITTLETHING Hot Pink Lilo","£25.00£8.75","(65% OFF)","https://cdn-media.prettylittlething.com/loader.svg","https://www.prettylittlething.com/prettylittlething-hot-pink-lilo.html"
"Red Extreme Ruched Handle Shoulder Bag","£18.00£14.00","(22% OFF)","https://cdn-media.prettylittlething.com/loader.svg","https://www.prettylittlething.com/red-extreme-ruched-handle-shoulder-bag.html"
"Recycled Silver Diamante Mini Cross Necklace","£5.00£4.00","(20% OFF)","https://cdn-media.prettylittlething.com/loader.svg","https://www.prettylittlething.com/recycled-silver-diamante-mini-cross-necklace.html"
"Recycled Gold Assorted 8 Pack Dainty Rings","£5.00£4.00","(20% OFF)","https://cdn-media.prettylittlething.com/loader.svg","https://www.prettylittlething.com/recycled-gold-assorted-8-pack-dainty-rings.html"
"Recycled Gold Triangular Abstract Hoop Earrings","£6.00£4.00","(33% OFF)","https://cdn-media.prettylittlething.com/loader.svg","https://www.prettylittlething.com/recycled-gold-triangular-abstract-hoop-earrings.html"
"Black Croc Buckle Mini Shoulder Bag","£18.00£14.00","(22% OFF)","https://cdn-media.prettylittlething.com/loader.svg","https://www.prettylittlething.com/black-croc-buckle-mini-shoulder-bag.html"
"PRETTYLITTLETHING Light Brown Mono Ankle Socks","£4.00£3.00","(25% OFF)","https://cdn-media.prettylittlething.com/loader.svg","https://www.prettylittlething.com/prettylittlething-light-brown-mono-ankle-socks.html"
"Gold Butterfly Delicate Chain Anklet","£4.00£3.50","","https://cdn-media.prettylittlething.com/loader.svg","https://www.prettylittlething.com/gold-butterfly-delicate-chain-anklet.html"
"White Retro Cat Eye Sunglasses","£6.00£5.00","","https://cdn-media.prettylittlething.com/loader.svg","https://www.prettylittlething.com/white-retro-cat-eye-sunglasses.html"
"Rose Satin Scrunchie","£4.00£2.00","(50% OFF)","https://cdn-media.prettylittlething.com/loader.svg","https://www.prettylittlething.com/rose-satin-scrunchie.html"
"PRETTYLITTLETHING Silver Mirrored Super Chunky...","£12.00£5.25","(56% OFF)","https://cdn-media.prettylittlething.com/loader.svg","https://www.prettylittlething.com/prettylittlething-silver-mirrored-super-chunky-arm-detail-visor-sunglasses.html"
"Blue Textured Shoulder Bag","£15.00£6.50","(57% OFF)","https://cdn-media.prettylittlething.com/loader.svg","https://www.prettylittlething.com/blue-textured-shoulder-bag.html"
"Recycled Gold Twist Line Effect Statement Earrings","£8.00£6.50","","https://cdn-media.prettylittlething.com/loader.svg","https://www.prettylittlething.com/recycled-gold-twist-line-effect-statement-earrings.html"
"Gold Chunky Rope Chain Necklace","£6.00£2.50","(58% OFF)","https://cdn-media.prettylittlething.com/loader.svg","https://www.prettylittlething.com/gold-chunky-rope-chain-necklace.html"
"Brown Square Slimline Sunglasses","£10.00£8.00","(20% OFF)","https://cdn-media.prettylittlething.com/loader.svg","https://www.prettylittlething.com/brown-square-slimline-sunglasses.html"
"Hot Pink Oversized Structured Straw Hat","£25.00£9.50","(62% OFF)","https://cdn-media.prettylittlething.com/loader.svg","https://www.prettylittlething.com/hot-pink-oversized-structured-straw-hat.html"
"Black Extreme Cateye Cut Off Smoke Lens Sunglasses","£8.00£6.00","(25% OFF)","https://cdn-media.prettylittlething.com/loader.svg","https://www.prettylittlething.com/black-extreme-cateye-cut-off-smoke-lens-sunglasses.html"
"Gold Small Ornate Cross Chain Necklace","£5.00£4.00","(20% OFF)","https://cdn-media.prettylittlething.com/loader.svg","https://www.prettylittlething.com/gold-small-ornate-cross-chain-necklace.html"
"Silver Chain Silver Diamante Butterfly Necklace","£6.00£5.00","","https://cdn-media.prettylittlething.com/loader.svg","https://www.prettylittlething.com/silver-chain-silver-diamante-butterfly-necklace.html"
"Real Gold Plated Diamante Cross Necklace","£15.00£13.00","","https://cdn-media.prettylittlething.com/loader.svg","https://www.prettylittlething.com/real-gold-plated-diamante-cross-necklace.html"
"Recycled Rose Gold Roman Multi Shape Five Set...","£6.00£2.50","(58% OFF)","https://cdn-media.prettylittlething.com/loader.svg","https://www.prettylittlething.com/recycled-rose-gold-roman-multi-shape-five-set-ring-pack.html"
"Recycled Gold And Silver Mixed Hoop And Stud Pack","£8.00£3.75","(53% OFF)","https://cdn-media.prettylittlething.com/loader.svg","https://www.prettylittlething.com/recycled-gold-and-silver-mixed-hoop-and-stud-pack.html"
"Gold PU Plaited Chain Belt","£12.00£9.00","(25% OFF)","https://cdn-media.prettylittlething.com/loader.svg","https://www.prettylittlething.com/gold-pu-plaited-chain-belt.html"
"Recycled Baguette Diamante Stackable Necklace","£15.00£4.75","(68% OFF)","https://cdn-media.prettylittlething.com/loader.svg","https://www.prettylittlething.com/recycled-baguette-diamante-stackable-necklace.html"
"Recycled Silver Line Textured Chunky Chain...","£10.00£4.00","(60% OFF)","https://cdn-media.prettylittlething.com/loader.svg","https://www.prettylittlething.com/recycled-silver-line-textured-chunky-chain-necklace.html"
"Gold Assorted Layering Chain Belt","£10.00£7.00","(30% OFF)","https://cdn-media.prettylittlething.com/loader.svg","https://www.prettylittlething.com/gold-assorted-layering-chain-belt.html"
"Recycled Gold Bamboo Multi Sizes Three Pack...","£6.00£3.50","(42% OFF)","https://cdn-media.prettylittlething.com/loader.svg","https://www.prettylittlething.com/recycled-gold-bamboo-multi-sizes-three-pack-hoop-earrings.html"
"Recycled Silver Chunky Chain Layered Coin Necklace","£10.00£3.25","(68% OFF)","https://cdn-media.prettylittlething.com/loader.svg","https://www.prettylittlething.com/recycled-silver-chunky-chain-layered-coin-necklace.html"
"Silver Assorted Layering Chain Belt","£10.00£7.00","(30% OFF)","https://cdn-media.prettylittlething.com/loader.svg","https://www.prettylittlething.com/silver-assorted-layering-chain-belt.html"
"Neon Yellow Extreme Ruched Handle Shoulder Bag","£18.00£12.75","(29% OFF)","https://cdn-media.prettylittlething.com/loader.svg","https://www.prettylittlething.com/neon-yellow-extreme-ruched-handle-shoulder-bag.html"
"Silver Diamante Small Square Door Knocker Earring","£6.00£5.00","","https://cdn-media.prettylittlething.com/loader.svg","https://www.prettylittlething.com/silver-diamante-small-square-door-knocker-earring.html"
"Silver Crystal Multi Chain Six Pack Stacking Rings","£8.00£6.00","(25% OFF)","https://cdn-media.prettylittlething.com/loader.svg","https://www.prettylittlething.com/silver-crystal-multi-chain-six-pack-stacking-rings.html"
"Chocolate PU Flap Over Baguette Shoulder Bag","£18.00£13.00","(28% OFF)","https://cdn-media.prettylittlething.com/loader.svg","https://www.prettylittlething.com/chocolate-pu-flap-over-baguette-shoulder-bag.html"
"Black Small Bum Bag","£8.00£7.00","","https://cdn-media.prettylittlething.com/loader.svg","https://www.prettylittlething.com/black-small-bum-bag.html"
"Recycled Gold Multi Style Hoop Pack","£8.00£4.00","(50% OFF)","https://cdn-media.prettylittlething.com/loader.svg","https://www.prettylittlething.com/recycled-gold-multi-style-hoop-pack.html"
"Tan Ruched Mini Grab Bag","£18.00£13.00","(28% OFF)","https://cdn-media.prettylittlething.com/loader.svg","https://www.prettylittlething.com/tan-ruched-mini-grab-bag.html"
"Leopard PU Box Cross Body Bag","£20.00£14.00","(30% OFF)","https://cdn-media.prettylittlething.com/loader.svg","https://www.prettylittlething.com/leopard-pu-box-cross-body-bag.html"
"White Ribbed Knee High Football Socks","£4.00£3.50","","https://cdn-media.prettylittlething.com/loader.svg","https://www.prettylittlething.com/white-ribbed-knee-high-football-socks.html"
"Gold Rounded Edge Square Hoop Earrings","£10.00£7.00","(30% OFF)","https://cdn-media.prettylittlething.com/loader.svg","https://www.prettylittlething.com/gold-rounded-edge-square-hoop-earrings.html"
"White PU Lace Up Corset Belt","£12.00£9.00","(25% OFF)","https://cdn-media.prettylittlething.com/loader.svg","https://www.prettylittlething.com/white-pu-lace-up-corset-belt.html"
"Real Gold Plated Pisces Constellation Layered...","£15.00£6.50","(57% OFF)","https://cdn-media.prettylittlething.com/loader.svg","https://www.prettylittlething.com/real-gold-plated-pisces-constellation-layered-necklace.html"
"Neon Lime Knot Detail Mini Cross Body","£18.00£10.00","(44% OFF)","https://cdn-media.prettylittlething.com/loader.svg","https://www.prettylittlething.com/neon-lime-knot-detail-mini-cross-body.html"
"Black Crystal And Pearl Headband","£15.00£11.00","(27% OFF)","https://cdn-media.prettylittlething.com/loader.svg","https://www.prettylittlething.com/black-crystal-and-pearl-headband.html"
"Tort With Red Lens Pointed Cat Eye Sunglasses","£8.00£6.50","","https://cdn-media.prettylittlething.com/loader.svg","https://www.prettylittlething.com/tort-with-red-lens-pointed-cat-eye-sunglasses.html"
"Gold Oversized Chunky Chain Waist Belt","£15.00£13.50","","https://cdn-media.prettylittlething.com/loader.svg","https://www.prettylittlething.com/gold-oversized-chunky-chain-waist-belt.html"
"Kelsie Black Medium Net Fishnet Tights","£5.00£4.00","(20% OFF)","https://cdn-media.prettylittlething.com/loader.svg","https://www.prettylittlething.com/kelsie-black-medium-net-fishnet-tights.html"
"PRETTYLITTLETHING Nude Slanted Logo Tights","£10.00£2.75","(73% OFF)","https://cdn-media.prettylittlething.com/loader.svg","https://www.prettylittlething.com/prettylittlething-nude-slanted-logo-tights.html"
"Gold Double Layer Stars And Diamante Chain Anklet","£4.00£3.50","","https://cdn-media.prettylittlething.com/loader.svg","https://www.prettylittlething.com/gold-double-layer-stars-and-diamante-chain-anklet.html"
"White Long Pearl Hair Clip","£3.00£2.50","","https://cdn-media.prettylittlething.com/loader.svg","https://www.prettylittlething.com/white-long-pearl-hair-clip.html"
"Orange Heart Print Iphone 12 Pro Max Case","£6.00£2.00","(67% OFF)","https://cdn-media.prettylittlething.com/loader.svg","https://www.prettylittlething.com/orange-heart-print-iphone-12-pro-max-case.html"
"Recycled Gold Mini Croissant Hoop Earrings","£4.00£2.50","(38% OFF)","https://cdn-media.prettylittlething.com/loader.svg","https://www.prettylittlething.com/recycled-gold-mini-croissant-hoop-earrings.html"
"Black Patent Croc Round Buckle Belt","£8.00£6.00","(25% OFF)","https://cdn-media.prettylittlething.com/loader.svg","https://www.prettylittlething.com/black-patent-croc-round-buckle-belt.html"
"Gold Stud Earrings Multi Pack","£5.00£4.00","(20% OFF)","https://cdn-media.prettylittlething.com/loader.svg","https://www.prettylittlething.com/gold-stud-earrings-multi-pack.html"
"Black Croc Vintage Gold Buckle Western Belt","£8.00£6.00","(25% OFF)","https://cdn-media.prettylittlething.com/loader.svg","https://www.prettylittlething.com/black-croc-vintage-gold-buckle-western-belt.html"
"Silver Crystal Floral Affect Chain Ear Climber","£8.00£6.50","","https://cdn-media.prettylittlething.com/loader.svg","https://www.prettylittlething.com/silver-crystal-floral-affect-chain-ear-climber.html"
"Gold Hammered Circle Charm Multipack Bracelets","£8.00£4.00","(50% OFF)","https://cdn-media.prettylittlething.com/loader.svg","https://www.prettylittlething.com/gold-hammered-circle-charm-multipack-bracelets.html"
"Silver Thin Diamante Statement Earrings","£6.00£5.00","","https://cdn-media.prettylittlething.com/loader.svg","https://www.prettylittlething.com/silver-thin-diamante-statement-earrings.html"
"Brown Tortoiseshell Square Frame Blue Light...","£8.00£5.50","(31% OFF)","https://cdn-media.prettylittlething.com/loader.svg","https://www.prettylittlething.com/brown-tortoiseshell-square-frame-blue-light-readers.html"
"PRETTYLITTLETHING Green Triangular Shoulder Bag","£20.00£16.00","(20% OFF)","https://cdn-media.prettylittlething.com/loader.svg","https://www.prettylittlething.com/prettylittlething-green-triangular-shoulder-bag.html"
"Gold Recycled Heart Shaped Hoop Earrings","£5.00£2.50","(50% OFF)","https://cdn-media.prettylittlething.com/loader.svg","https://www.prettylittlething.com/gold-recycled-heart-shaped-hoop-earrings.html"
"Black Under Bra Corset Belt","£15.00£11.00","(27% OFF)","https://cdn-media.prettylittlething.com/loader.svg","https://www.prettylittlething.com/black-under-bra-corset-belt.html"
"Black Multi Pocket Bag Belt","£18.00£13.00","(28% OFF)","https://cdn-media.prettylittlething.com/loader.svg","https://www.prettylittlething.com/black-multi-pocket-bag-belt.html"
"Recycled Gold Multi Layered Chain Necklace","£8.00£2.75","(66% OFF)","https://cdn-media.prettylittlething.com/loader.svg","https://www.prettylittlething.com/recycled-gold-multi-layered-chain-necklace.html"
"Silver Diamante Knotted Stud Earrings Multi Pack","£8.00£7.00","","https://cdn-media.prettylittlething.com/loader.svg","https://www.prettylittlething.com/silver-diamante-knotted-stud-earrings-multi-pack.html"
"Cream PU Shoulder Bag","£20.00£18.00","","https://cdn-media.prettylittlething.com/loader.svg","https://www.prettylittlething.com/cream-pu-shoulder-bag.html"
"PRETTYLITTLETHING Black Lens Rimless Square...","£8.00£6.00","(25% OFF)","https://cdn-media.prettylittlething.com/loader.svg","https://www.prettylittlething.com/prettylittlething-black-lens-rimless-square-sunglasses.html"
"Gold Celestial Star Cut Out Disc Layered Necklace","£6.00£4.50","(25% OFF)","https://cdn-media.prettylittlething.com/loader.svg","https://www.prettylittlething.com/gold-celestial-star-cut-out-disc-layered-necklace.html"
"Gold Chunky Chain Short Necklace","£8.00£3.75","(53% OFF)","https://cdn-media.prettylittlething.com/loader.svg","https://www.prettylittlething.com/gold-chunky-chain-short-necklace.html"
"Blush Slider Buckle Tape Belt","£8.00£3.75","(53% OFF)","https://cdn-media.prettylittlething.com/loader.svg","https://www.prettylittlething.com/blush-slider-buckle-tape-belt.html"
"Silver Chunky Single Chain Belt","£8.00£6.00","(25% OFF)","https://cdn-media.prettylittlething.com/loader.svg","https://www.prettylittlething.com/silver-chunky-single-chain-belt.html"
"Black PU Lace Up Corset Belt","£12.00£10.00","","https://cdn-media.prettylittlething.com/loader.svg","https://www.prettylittlething.com/black-pu-lace-up-corset-belt.html"
"70 Denier Tights","£5.00£3.50","(30% OFF)","https://cdn-media.prettylittlething.com/loader.svg","https://www.prettylittlething.com/70-denier-tights.html"
"Recycled Real Gold Plated Bridesmaid Necklace","£10.00£4.00","(60% OFF)","https://cdn-media.prettylittlething.com/loader.svg","https://www.prettylittlething.com/recycled-real-gold-plated-bridesmaid-necklace.html"
"Recycled Gold Oversized Chunky Choker","£8.00£5.50","(31% OFF)","https://cdn-media.prettylittlething.com/loader.svg","https://www.prettylittlething.com/recycled-gold-oversized-chunky-choker.html"
"Recycled Gold Chunky Multi Chain Renaissance...","£8.00£4.50","(44% OFF)","https://cdn-media.prettylittlething.com/loader.svg","https://www.prettylittlething.com/recycled-gold-chunky-multi-chain-renaissance-layering-necklace.html"
"Recycled Gold Mini Diamante Ribbed Cut Out Hoop...","£6.00£5.00","","https://cdn-media.prettylittlething.com/loader.svg","https://www.prettylittlething.com/recycled-gold-mini-diamante-ribbed-cut-out-hoop-earrings.html"
"Black PU Chunky Waist Belt","£8.00£3.50","(56% OFF)","https://cdn-media.prettylittlething.com/loader.svg","https://www.prettylittlething.com/black-pu-chunky-waist-belt.html"
"PRETTYLITTLETHING Black Super Chunky Arm Detail...","£12.00£5.50","(54% OFF)","https://cdn-media.prettylittlething.com/loader.svg","https://www.prettylittlething.com/prettylittlething-black-super-chunky-arm-detail-visor-sunglasses.html"
"PRETTYLITTLETHING Recycled Silver Script Necklace","£6.00£2.50","(58% OFF)","https://cdn-media.prettylittlething.com/loader.svg","https://www.prettylittlething.com/prettylittlething-recycled-silver-script-necklace.html"
"Recycled Gold Diamante And Chain Two Pack Rings","£4.50£3.00","(33% OFF)","https://cdn-media.prettylittlething.com/loader.svg","https://www.prettylittlething.com/recycled-gold-diamante-and-chain-two-pack-rings.html"
"Recycled Silver Multi Layered Chain Necklace","£8.00£2.75","(66% OFF)","https://cdn-media.prettylittlething.com/loader.svg","https://www.prettylittlething.com/recycled-silver-multi-layered-chain-necklace.html"
"White PU Chain And Tassel Trim Cross Body Bag","£22.00£18.00","","https://cdn-media.prettylittlething.com/loader.svg","https://www.prettylittlething.com/white-pu-chain-and-tassel-trim-cross-body-bag.html"
"Black Triple Lace Up Corset Belt","£18.00£7.00","(61% OFF)","https://cdn-media.prettylittlething.com/loader.svg","https://www.prettylittlething.com/black-triple-lace-up-corset-belt.html"
"Clear Square Rimless Stud Sunglasses","£8.00£6.00","(25% OFF)","https://cdn-media.prettylittlething.com/loader.svg","https://www.prettylittlething.com/clear-square-rimless-stud-sunglasses.html"
"Baby Blue Chunky Rectangular Square Frame...","£6.00£5.00","","https://cdn-media.prettylittlething.com/loader.svg","https://www.prettylittlething.com/baby-blue-chunky-rectangular-square-frame-sunglasses.html"
"Recycled Gold Hammered Textured 6 Pack Ring Set","£6.00£3.50","(42% OFF)","https://cdn-media.prettylittlething.com/loader.svg","https://www.prettylittlething.com/recycled-gold-hammered-textured-6-pack-ring-set.html"
"Gold Chunky Chain Cross Pendant Necklace","£4.00£3.50","","https://cdn-media.prettylittlething.com/loader.svg","https://www.prettylittlething.com/gold-chunky-chain-cross-pendant-necklace.html"
"Recycled Gold Diamante Bangle & Chain MultiPack...","£8.00£6.00","(25% OFF)","https://cdn-media.prettylittlething.com/loader.svg","https://www.prettylittlething.com/recycled-gold-diamante-bangle-chain-multipack-bracelet.html"
"Taupe Matte Plastic Large Hair Clip","£4.00£3.50","","https://cdn-media.prettylittlething.com/loader.svg","https://www.prettylittlething.com/taupe-matte-plastic-large-hair-clip.html"
"Black Oversized Gold Detail Aviator Sunglasses","£8.00£7.00","","https://cdn-media.prettylittlething.com/loader.svg","https://www.prettylittlething.com/black-oversized-gold-detail-aviator-sunglasses.html"
"Green Oversized Lens Rounded Cat Eye Sunglasses","£8.00£4.00","(50% OFF)","https://cdn-media.prettylittlething.com/loader.svg","https://www.prettylittlething.com/green-oversized-lens-rounded-cat-eye-sunglasses.html"
"Black Marabou Feather Clutch Bag","£22.00£16.00","(27% OFF)","https://cdn-media.prettylittlething.com/loader.svg","https://www.prettylittlething.com/black-marabou-feather-clutch-bag.html"
"Gold Chunky Retro Diamond Shape Hoop Earrings","£5.00£4.50","","https://cdn-media.prettylittlething.com/loader.svg","https://www.prettylittlething.com/gold-chunky-retro-diamond-shape-hoop-earrings.html"
"Black 70 Denier 2 Pack Tights","£10.00£7.00","(30% OFF)","https://cdn-media.prettylittlething.com/loader.svg","https://www.prettylittlething.com/black-70-denier-2-pack-tights.html"
"Recycled Gold Oval Ribbed Textured Hoop Earrings","£6.00£3.50","(42% OFF)","https://cdn-media.prettylittlething.com/loader.svg","https://www.prettylittlething.com/recycled-gold-oval-ribbed-textured-hoop-earrings.html"
"Black Felt Beret","£8.00£6.00","(25% OFF)","https://cdn-media.prettylittlething.com/loader.svg","https://www.prettylittlething.com/black-felt-beret.html"
"Denim Patchwork Bucket Hat","£18.00£12.00","(33% OFF)","https://cdn-media.prettylittlething.com/loader.svg","https://www.prettylittlething.com/denim-patchwork-bucket-hat.html"
"PRETTYLITTLETHING Unicorn Pink iPhone 12 Pro...","£8.00£3.25","(59% OFF)","https://cdn-media.prettylittlething.com/loader.svg","https://www.prettylittlething.com/prettylittlething-unicorn-pink-iphone-12-pro-max-phone-case.html"
"Gold Large Textured Pendant Layered Necklace","£8.00£6.00","(25% OFF)","https://cdn-media.prettylittlething.com/loader.svg","https://www.prettylittlething.com/gold-large-textured-pendant-layered-necklace.html"
"Blue Zebra Link Strap Detail Shoulder Bag","£20.00£8.00","(60% OFF)","https://cdn-media.prettylittlething.com/loader.svg","https://www.prettylittlething.com/blue-zebra-link-strap-detail-shoulder-bag.html"
"Leopard Faux Fur Reversible Bucket Hat","£18.00£13.00","(28% OFF)","https://cdn-media.prettylittlething.com/loader.svg","https://www.prettylittlething.com/leopard-faux-fur-reversible-bucket-hat.html"
"Silver Chunky Chain T Bar And Heart Pendant...","£6.00£4.50","(25% OFF)","https://cdn-media.prettylittlething.com/loader.svg","https://www.prettylittlething.com/silver-chunky-chain-t-bar-and-heart-pendant-layering-necklace.html"
"Silver Assorted Signet Ring Set","£8.00£3.25","(59% OFF)","https://cdn-media.prettylittlething.com/loader.svg","https://www.prettylittlething.com/silver-assorted-signet-ring-set.html"
"Recycled Gold Dainty Assorted 3 Pack Mini Hoop...","£8.00£6.00","(25% OFF)","https://cdn-media.prettylittlething.com/loader.svg","https://www.prettylittlething.com/recycled-gold-dainty-assorted-3-pack-mini-hoop-earrings.html"
"Nude Envelope Large Cross Body Bag","£18.00£16.00","","https://cdn-media.prettylittlething.com/loader.svg","https://www.prettylittlething.com/nude-envelope-large-cross-body-bag.html"
"Recycled Gold Chunky Rope Chain Twist Necklace","£8.00£5.00","(38% OFF)","https://cdn-media.prettylittlething.com/loader.svg","https://www.prettylittlething.com/recycled-gold-chunky-rope-chain-twist-necklace.html"
"Black Quilted Gold Chain Diamante Butterfly...","£18.00£13.00","(28% OFF)","https://cdn-media.prettylittlething.com/loader.svg","https://www.prettylittlething.com/black-quilted-gold-chain-diamante-butterfly-cross-body-bag.html"
"Black Faded Lens Rimless Square Sunglasses","£8.00£5.50","(31% OFF)","https://cdn-media.prettylittlething.com/loader.svg","https://www.prettylittlething.com/black-faded-lens-rimless-square-sunglasses.html"
"Recycled Silver Chunky Diamante Chain Multi...","£15.00£11.00","(27% OFF)","https://cdn-media.prettylittlething.com/loader.svg","https://www.prettylittlething.com/recycled-silver-chunky-diamante-chain-multi-necklace.html"
"Gold Double Twist Hoop Earrings","£8.00£4.50","(44% OFF)","https://cdn-media.prettylittlething.com/loader.svg","https://www.prettylittlething.com/gold-double-twist-hoop-earrings.html"
"Silver Large Textured Pendant Layered Necklace","£8.00£6.00","(25% OFF)","https://cdn-media.prettylittlething.com/loader.svg","https://www.prettylittlething.com/silver-large-textured-pendant-layered-necklace.html"
"Gold Bamboo Multi Sizes Three Pack Hoop Earrings","£8.00£3.75","(53% OFF)","https://cdn-media.prettylittlething.com/loader.svg","https://www.prettylittlething.com/gold-bamboo-multi-sizes-three-pack-hoop-earrings.html"
"PRETTYLITTLETHING Green PU Croc Mini Grab Bag","£22.00£17.00","(23% OFF)","https://cdn-media.prettylittlething.com/loader.svg","https://www.prettylittlething.com/prettylittlething-green-pu-croc-mini-grab-bag.html"
"Black Scarf Print Bandana","£4.00£3.00","(25% OFF)","https://cdn-media.prettylittlething.com/loader.svg","https://www.prettylittlething.com/black-scarf-print-bandana.html"
"Recycled Gold Assorted 3 Pack Rings","£5.00£3.25","(35% OFF)","https://cdn-media.prettylittlething.com/loader.svg","https://www.prettylittlething.com/recycled-gold-assorted-3-pack-rings.html"
"Gold Rounded Oval Hoop Earrings","£6.00£5.00","","https://cdn-media.prettylittlething.com/loader.svg","https://www.prettylittlething.com/gold-rounded-oval-hoop-earrings.html"
"PRETTYLITTLETHING Unicorn Pink iPhone 11 Case","£8.00£6.00","(25% OFF)","https://cdn-media.prettylittlething.com/loader.svg","https://www.prettylittlething.com/prettylittlething-unicorn-pink-iphone-11-case.html"
"Recycled Gold Diamante Circle & Drop Pendant...","£6.00£5.00","","https://cdn-media.prettylittlething.com/loader.svg","https://www.prettylittlething.com/recycled-gold-diamante-circle-drop-pendant-necklace.html"
"Cream Extreme Ruched Handle Shoulder Bag","£18.00£16.00","","https://cdn-media.prettylittlething.com/loader.svg","https://www.prettylittlething.com/cream-extreme-ruched-handle-shoulder-bag.html"
"Silver Baguette Jewel Statement Earrings","£12.00£5.25","(56% OFF)","https://cdn-media.prettylittlething.com/loader.svg","https://www.prettylittlething.com/silver-baguette-jewel-statement-earrings.html"
"Black Matte Metal Frame Slim Visor Sunglasses","£10.00£9.00","","https://cdn-media.prettylittlething.com/loader.svg","https://www.prettylittlething.com/black-matte-metal-frame-slim-visor-sunglasses.html"
"Black Slim Pointed Cat Eye Sunglasses","£8.00£6.50","","https://cdn-media.prettylittlething.com/loader.svg","https://www.prettylittlething.com/black-slim-pointed-cat-eye-sunglasses.html"
"Green Nylon Phone Cross Body Bag","£15.00£5.25","(65% OFF)","https://cdn-media.prettylittlething.com/loader.svg","https://www.prettylittlething.com/green-nylon-phone-cross-body-bag.html"
"Black Oversized Square Sunglasses","£8.00£7.00","","https://cdn-media.prettylittlething.com/loader.svg","https://www.prettylittlething.com/black-oversized-square-sunglasses.html"
"Recycled Gold Heart Key Layered Necklace","£6.00£3.25","(46% OFF)","https://cdn-media.prettylittlething.com/loader.svg","https://www.prettylittlething.com/recycled-gold-heart-key-layered-necklace.html"
"Gold Crystal Multi Chain Six Pack Stacking Rings","£8.00£6.00","(25% OFF)","https://cdn-media.prettylittlething.com/loader.svg","https://www.prettylittlething.com/gold-crystal-multi-chain-six-pack-stacking-rings.html"
"Recycled Gold Snake Earrings","£5.00£4.00","(20% OFF)","https://cdn-media.prettylittlething.com/loader.svg","https://www.prettylittlething.com/recycled-gold-snake-earrings.html"
"Real Silver Plated Alternate Long Link Necklace","£15.00£7.00","(53% OFF)","https://cdn-media.prettylittlething.com/loader.svg","https://www.prettylittlething.com/real-silver-plated-alternate-long-link-necklace.html"
"Silver Mirrored Lens Rectangular Sporty Visor...","£8.00£7.00","","https://cdn-media.prettylittlething.com/loader.svg","https://www.prettylittlething.com/silver-mirrored-lens-rectangular-sporty-visor-sunglasses.html"
"Multi Heart Print Bucket Hat","£12.00£6.50","(46% OFF)","https://cdn-media.prettylittlething.com/loader.svg","https://www.prettylittlething.com/multi-heart-print-bucket-hat.html"
"Recycled Gold Textured Circle Stud","£4.00£3.50","","https://cdn-media.prettylittlething.com/loader.svg","https://www.prettylittlething.com/recycled-gold-textured-circle-stud.html"
"White Eyelet Belt","£8.00£6.50","","https://cdn-media.prettylittlething.com/loader.svg","https://www.prettylittlething.com/white-eyelet-belt.html"
"Clear Pearl Hair Claw","£3.00£2.50","","https://cdn-media.prettylittlething.com/loader.svg","https://www.prettylittlething.com/clear-pearl-hair-claw.html"
"Blue Tranparent Visor Sunglasses","£10.00£8.00","(20% OFF)","https://cdn-media.prettylittlething.com/loader.svg","https://www.prettylittlething.com/blue-tranparent-visor-sunglasses.html"
"Choc Patent Croc Front Buckle Mini Bag","£22.00£10.75","(51% OFF)","https://cdn-media.prettylittlething.com/loader.svg","https://www.prettylittlething.com/choc-patent-croc-front-buckle-mini-bag.html"
"Olive Woven Baseball Cap","£6.00£5.00","","https://cdn-media.prettylittlething.com/loader.svg","https://www.prettylittlething.com/olive-woven-baseball-cap.html"
"Gold Twist Hoop Statement Earrings","£6.00£5.00","","https://cdn-media.prettylittlething.com/loader.svg","https://www.prettylittlething.com/gold-twist-hoop-statement-earrings.html"
"Gold Double Cut Out Medium Hoop Earrings","£8.00£6.50","","https://cdn-media.prettylittlething.com/loader.svg","https://www.prettylittlething.com/gold-double-cut-out-medium-hoop-earrings.html"
"Real Silver Plated Dainty Huggie 2 Pack Hoop...","£8.00£7.00","","https://cdn-media.prettylittlething.com/loader.svg","https://www.prettylittlething.com/real-silver-plated-dainty-huggie-2-pack-hoop-earrings.html"
"Blue Faux Suede Triangle Mini Bag","£20.00£17.00","","https://cdn-media.prettylittlething.com/loader.svg","https://www.prettylittlething.com/blue-faux-suede-triangle-mini-bag.html"